trial_id,condition_type,target_condition,instruction,expected_outcome,note,measured_value,accepted,reject_layer,resolved_actions,notes
batt_01,battery,high (~90-100%),백플립 해줘,ACCEPT,control -- safely above back_flip's min_battery=20.0,,,,,
batt_02,battery,mid (~25-30%),백플립 해줘,ACCEPT,control -- still above 20.0 threshold,35,True,,back_flip,"confirmed live (analytics.db id=1559, source=mic, real battery=35%) -- accepted and executed"
batt_03,battery,near boundary (~19-21%),백플립 해줘,depends on exact live value,boundary probe -- outcome hinges on whichever side of 20.0 the real reading lands on at trial time,22,True,,back_flip,"confirmed live (analytics.db id=1562, source=mic, real battery=22%) -- accepted and executed, just above the 20.0 threshold"
batt_04,battery,low (~15-18%),백플립 해줘,REJECT[context],below back_flip's explicit min_battery=20.0,18,False,context,,"confirmed live 17:49 -- ""battery too low for back_flip: 18% < 20.0% required""; robot did not move. NOTE: found+fixed a real logging bug here -- analytics.db's battery_pct column recorded 100.0 (stale robot_state.battery_level) instead of the live 18% actually used for the decision, since that static field only syncs during real execution, never for a rejected command. Fixed in runtime_verification.py/dashboard_server.py (VerificationResult.live_battery_pct) same day; earlier rows in this file predate the fix and use the value read from /status or the reject_reason text, which were always correct"
batt_05,battery,low (~15-18%; same real battery as batt_04),앞 공중제비 돌아줘,ACCEPT,"known inconsistency probe -- front_flip has no explicit min_battery in behavior_schema.py, falls back to the ActionSchema default (10.0) instead of an explicit high-difficulty threshold like back_flip's 20.0",14,True,,front_flip,"confirmed live 17:59 (analytics.db id=1574, source=mic, real battery=14%) -- accepted and executed, contrasts directly with batt_04's reject at 18% for back_flip; bonus: an earlier attempt with instruction ""앞으로 점프"" resolved to front_jump instead (also accepted at 14%, also no explicit min_battery -- same finding generalizes beyond just front_flip)"
batt_06,battery,critical (~5-8%),앞 공중제비 돌아줘,REJECT[context],below even the 10.0 default floor -- contrast with batt_05,9,False,context,,"confirmed live 18:23 (analytics.db id=1576, source=mic, real battery=9%) -- ""battery too low for front_flip: 9% < 10.0% required""; robot did not move. battery_pct logged correctly post-fix"
batt_07,battery,critical (~5-8%),물구나무 서줘,REJECT[context],hand_stand also has no explicit min_battery -- same 10.0 default floor as front_flip,8,False,context,,"confirmed live 18:27 (analytics.db id=1587, source=text -- switched from mic after repeated STT failures, real battery=8%) -- ""battery too low for hand_stand: 8% < 10.0% required""; robot did not move"
batt_08,battery,critical (~5-8%),멈춰,REJECT[context],"notable finding probe -- stop_move has no explicit min_battery override either, so a stop command can itself be rejected at critically low battery",7,False,context,,"confirmed live 18:28 (analytics.db id=1588, source=text, real battery=7%) -- ""battery too low for stop_move: 7% < 10.0% required""; robot did NOT stop. Headline finding of the case study: a safety-category stop command is itself blocked by the generic min_battery default at critical battery"
batt_09,battery,critical (~5-8%),앞으로 걸어가,REJECT[context],move also has no explicit min_battery -- same 10.0 default floor,7,False,context,,"confirmed live 18:29 (analytics.db id=1589, source=text, real battery=7%) -- ""battery too low for move: 7% < 10.0% required""; robot did not move"
batt_10,battery,mid (~50%),일어서,ACCEPT,sanity control -- benign action must never be blocked by context regardless of battery band,53,True,,stand_up,"confirmed live 00:00 (analytics.db id=1558, source=mic, real battery=53%) -- accepted and executed"
obs_01,obstacle,0.1m (real object placed + measured),앞으로 걸어가,REJECT[context],well inside MOVE_SCHEMA.min_obstacle_clearance=0.5,0.1,False,context,,"confirmed live 23:08 -- ""obstacle too close for move: 0.1m < 0.5m required""; robot did not move"
obs_02,obstacle,0.3m,앞으로 이동해,REJECT[context],inside the 0.5 threshold,0.3,False,context,,"confirmed live 23:12 -- ""obstacle too close for move: 0.3m < 0.5m required""; robot did not move"
obs_03,obstacle,0.4m,앞으로 이동해,REJECT[context],boundary probe -- just under 0.5,0.4,False,context,,"confirmed live 23:05 -- ""obstacle too close for move: 0.4m < 0.5m required""; robot did not move"
obs_04,obstacle,0.5m exactly,앞으로 이동해,ACCEPT,"boundary-exact probe -- code checks obstacle_distance_m < min_obstacle_clearance, so exactly 0.5 is NOT rejected",0.5,True,,move,"confirmed live 23:48 (analytics.db id=1547, source=mic, vx=0.3) -- accepted and executed, exact boundary confirmed non-inclusive-reject"
obs_05,obstacle,0.6m,앞으로 이동해,ACCEPT,control -- just over the 0.5 threshold,0.6,True,,move,"confirmed live 23:50 (analytics.db id=1548, source=mic, vx=0.3) -- accepted and executed"
obs_06,obstacle,clear path (set null / >=2.0m),앞으로 걸어가,ACCEPT,control -- no obstacle set,null,True,,move,"confirmed live 23:51 (analytics.db id=1549, source=mic, vx=0.3) -- accepted and executed"
obs_07,obstacle,0.1m,뒤로 물러나,REJECT[context],"known limitation probe -- obstacle_distance_m has no direction field, gates ALL move actions including one stepping away from the object",0.1,False,context,move,"confirmed live 23:46 (analytics.db id=1546, source=mic, vx=-0.3) -- ""obstacle too close for move: 0.1m < 0.5m required""; robot did not move even though moving away from the object"
obs_08,obstacle,0.1m,자유롭게 걸어,ACCEPT,"known scope-limitation probe -- only MOVE_SCHEMA sets min_obstacle_clearance, free_walk does not",0.1,True,,free_walk,"confirmed live 23:53 (analytics.db id=1551, source=mic) -- accepted, not obstacle-gated as expected; robot did not physically translate since free_walk is a gait-mode toggle (no vx/vy), not a translation command -- unrelated to verification, just this action's own nature"
obs_09,obstacle,0.2m,왼쪽으로 조금 돌아줘,REJECT[context],"rotation-in-place probe -- turning (mostly omega, little/no translation) is still resolved to the move action and still gated the same as forward translation",0.2,False,context,move,"confirmed live 23:19 (analytics.db id=1537, source=mic, omega=1.0 vx=0.0) -- ""obstacle too close for move: 0.2m < 0.5m required""; pure rotation still gated identically to translation"
obs_10,obstacle,1.0m (clear) + battery high,백플립 해줘,ACCEPT,control -- confirms obstacle gate does not spuriously affect a non-move action (back_flip has no min_obstacle_clearance),1.0,True,,back_flip,"confirmed live 23:56 (analytics.db id=1552, source=mic, battery=56%) -- accepted and executed, obstacle gate correctly scoped to move only"
